Ra_D,Nu
128.8993227865,2.26325919814514
103.505275389851,1.93384515807744
71.0559380928157,1.45704270028601
82.687249771377,1.71399258452975
57.355314306282,1.23848694661705
