Ra_D,Nu
2295.2222338129,11.5015225862444
3409.1495120112,13.686392744865
4715.62779536785,15.9210037026315
