Ra_D,Nu
968.844984893024,8.43545230826579
1509.01708922644,11.243541309771
2188.80053184535,13.2786128659474
3100.337224348,15.3302798235237
