Ra_D,Nu
30.8545647022793,1
41.0776240125971,1.03514216667934
51.1719441874807,1.52229913288042
60.4815034383317,1.87283708301755
71.4489583531141,2.12569034521711
94.708259174239,2.73841963426436
