Ra_D,Nu
7971.32792641009,7.28618174513228
11972.3480646793,8.128305161641
19714.5564018405,9.82878873000032
24797.3411418928,10.839269140212
28948.3917473626,11.4815362149688
