Ra_D,Nu
70.4754795145899,2.09814503592287
73.0143159853895,2.02613207960407
112.482143712745,3.06664078191508
154.085516797028,3.97241652739691
