Ra_D,Nu
41.7662247143442,1.1358459105229
81.2559227408495,1.99009441123915
